CREATE EXTENSION IF NOT EXISTS postgis;

CREATE TABLE IF NOT EXISTS specialty (
    id INT PRIMARY KEY,
    name VARCHAR(255) NOT NULL,
    description VARCHAR(255) NOT NULL
);

CREATE TABLE IF NOT EXISTS specialist (
    id INT PRIMARY KEY,
    name VARCHAR(255) NOT NULL,
    specialty_id INT,
    location GEOGRAPHY,
    address VARCHAR(255),
    url VARCHAR(255),
    telephone VARCHAR(255),
    email VARCHAR(255),
    FOREIGN KEY (specialty_id) REFERENCES specialty(id)
);

CREATE TABLE IF NOT EXISTS review (
    id INT PRIMARY KEY,
    specialist_id INT,
    url VARCHAR(255) NOT NULL,
    rating DECIMAL(2, 1) NOT NULL,
    comment VARCHAR(255),
    FOREIGN KEY (specialist_id) REFERENCES specialist(id)
);

INSERT INTO specialty (id, name, description) VALUES
    (1, 'Cardiology', 'The study of the heart and its functions'),
    (2, 'Dermatology', 'The study of the skin and its diseases'),
    (3, 'Neurology', 'The study of the nervous system and its disorders'),
    (4, 'Oncology', 'The study of cancer and its treatment'),
    (5, 'Pediatrics', 'The study of children and their diseases'),
    (6, 'Psychiatry', 'The study of mental disorders'),
    (7, 'Surgery', 'The study of injuries, diseases, and other disorders by manual and instrumental means'),
    (8, 'Urology', 'The study of the urinary system disorders'),
    (9, 'Gynecology', 'The study of the female reproductive system and its disorders'),
    (10, 'Orthopedics', 'The study of the correction of deformities of bones or muscles'),
    (11, 'Ophthalmology', 'The study of the anatomy, physiology, and diseases of the eye'),
    (12, 'Endocrinology', 'The study of the endocrine glands and hormones'),
    (13, 'Rheumatology', 'The study of the rheumatic diseases'),
    (14, 'Allergy and Immunology', 'The study of the allergies and immune system disorders'),
    (15, 'Infectious Disease', 'The study of the infectious diseases'),
    (16, 'Pulmonology', 'The study of the respiratory system diseases'),
    (17, 'Nephrology', 'The study of the the kidney diseases'),
    (18, 'Gastroenterology', 'The study of the the digestive system diseases'),
    (19, 'Hematology', 'The study of the the blood and blood-forming tissues diseases'),
    (20, 'Geriatrics', 'The study of the the elderly and their diseases');

INSERT INTO specialist (id, name, specialty_id, location, address, url, telephone, email) VALUES
    (1, 'Dr. Alice Johnson', 1, 'POINT(-71.060316 48.432044)', '123 Heart St, Cardiology City, CC 12345', 'https://www.cardioexample.com', '123-456-7890', 'alice.johnson@example.com'),
    (2, 'Dr. Bob Smith', 2, 'POINT(-69.9876 44.1234)', '456 Skin Ave, Dermatology Town, DT 67890', 'https://www.dermexample.com', '321-654-0987', 'bob.smith@example.com'),
    (3, 'Dr. Charles Green', 3, 'POINT(-74.0060 40.7128)', '789 Brain Rd, Neurology Ville, NV 54321', 'https://www.neuroexample.com', '456-789-0123', 'charles.green@example.com'),
    (4, 'Dr. Diana Hayes', 4, 'POINT(-118.2437 34.0522)', '101 Cancer Ln, Oncology City, OC 65432', 'https://www.oncoexample.com', '987-654-3210', 'diana.hayes@example.com'),
    (5, 'Dr. Evan Wright', 5, 'POINT(-122.4194 37.7749)', '202 Pediatric Pkwy, Pediatrics Town, PT 87654', 'https://www.pediaexample.com', '654-321-9876', 'evan.wright@example.com'),
    (6, 'Dr. Fiona Clark', 6, 'POINT(-90.048980 35.149532)', '303 Mental Health St, Psychiatry Place, PP 76543', 'https://www.psychexample.com', '213-546-7890', 'fiona.clark@example.com'),
    (7, 'Dr. George King', 7, 'POINT(-87.629798 41.878114)', '404 Surgery Rd, Surgery City, SC 43210', 'https://www.surgeryexample.com', '321-852-9630', 'george.king@example.com'),
    (8, 'Dr. Hannah Lopez', 8, 'POINT(-80.191790 25.761680)', '505 Urinary Ln, Urology Ville, UV 32101', 'https://www.uroexample.com', '432-765-8901', 'hannah.lopez@example.com'),
    (9, 'Dr. Ian McDonald', 9, 'POINT(-157.858333 21.306944)', '606 Reproductive Rd, Gynecology Town, GT 21098', 'https://www.gynoexample.com', '543-876-9012', 'ian.mcdonald@example.com'),
    (10, 'Dr. Julia Carter', 10, 'POINT(-116.419389 33.984379)', '707 Bone Blvd, Orthopedics City, OC 09876', 'https://www.orthoexample.com', '654-987-0123', 'julia.carter@example.com'),
    (11, 'Dr. Kevin Brown', 11, 'POINT(-149.900284 61.218056)', '808 Eye Ave, Ophthalmology Ville, OV 76543', 'https://www.ophthaexample.com', '765-098-1234', 'kevin.brown@example.com'),
    (12, 'Dr. Laura White', 12, 'POINT(-81.379234 28.538336)', '909 Hormone Ln, Endocrinology Town, ET 65432', 'https://www.endoexample.com', '876-109-2345', 'laura.white@example.com'),
    (13, 'Dr. Mike Jordan', 13, 'POINT(-84.387982 33.748995)', '1010 Rheumatic Pkwy, Rheumatology City, RC 54321', 'https://www.rheumaexample.com', '987-210-3456', 'mike.jordan@example.com'),
    (14, 'Dr. Nancy Allen', 14, 'POINT(-71.412834 41.823989)', '1111 Allergy Ave, Allergy and Immunology Ville, AIV 43210', 'https://www.allergyexample.com', '098-321-4567', 'nancy.allen@example.com'),
    (15, 'Dr. Oliver Martinez', 15, 'POINT(-99.133208 19.432608)', '1212 Infectious Disease Dr, Infectious Disease City, IDC 32109', 'https://www.infectiousdiseaseexample.com', '109-432-5678', 'oliver.martinez@example.com');

INSERT INTO review (id, specialist_id, url, rating, comment) VALUES
    (1, 1, 'https://www.cardioexample.com', 4.5, 'Dr. Johnson was very knowledgeable and caring.'),
    (2, 2, 'https://www.dermexample.com', 3.5, 'Dr. Smith was friendly and helpful.'),
    (3, 3, 'https://www.neuroexample.com', 5.0, 'Dr. Green provided excellent care and treatment.'),
    (4, 4, 'https://www.oncoexample.com', 4.0, 'Dr. Hayes was compassionate and understanding.'),
    (5, 5, 'https://www.pediaexample.com', 4.5, 'Dr. Wright was great with my child.'),
    (6, 6, 'https://www.psychexample.com', 4.0, 'Dr. Clark helped me through a difficult time.'),
    (7, 7, 'https://www.surgeryexample.com', 3.5, 'Dr. King performed my surgery with skill and care.'),
    (8, 8, 'https://www.uroexample.com', 4.0, 'Dr. Lopez was professional and thorough.'),
    (9, 9, 'https://www.gynoexample.com', 4.5, 'Dr. McDonald was kind and knowledgeable.'),
    (10, 10, 'https://www.orthoexample.com', 3.5, 'Dr. Carter explained my condition clearly.'),
    (11, 11, 'https://www.ophthaexample.com', 4.0, 'Dr. Brown was patient and understanding.'),
    (12, 12, 'https://www.endoexample.com', 4.5, 'Dr. White helped me manage my condition.'),
    (13, 13, 'https://www.rheumaexample.com', 3.5, 'Dr. Jordan was thorough in his evaluation.'),
    (14, 14, 'https://www.allergyexample.com', 4.0, 'Dr. Allen provided effective treatment for my allergies.'),
    (15, 15, 'https://www.infectiousdiseaseexample.com', 4.5, 'Dr. Martinez diagnosed my infection quickly and accurately.'),
    (16, 1, 'https://www.cardioexample.com', 4.8, 'Outstanding service and expertise.'),
    (17, 1, 'https://www.cardioexample.com', 4.2, 'Very professional and friendly.'),
    (18, 1, 'https://www.cardioexample.com', 4.6, 'Highly attentive and informative.'),
    (19, 1, 'https://www.cardioexample.com', 4.0, 'Good experience, but wait times can be long.'),
    (20, 1, 'https://www.cardioexample.com', 4.9, 'Exceptional care and detailed explanations.'),
    (21, 1, 'https://www.cardioexample.com', 3.8, 'Decent, but room for improvement.'),
    (22, 1, 'https://www.cardioexample.com', 4.7, 'Thorough and compassionate care.'),
    (23, 1, 'https://www.cardioexample.com', 4.1, 'Solid advice, though somewhat rushed.'),
    (24, 1, 'https://www.cardioexample.com', 4.3, 'Friendly staff and clear communication.'),
    (25, 1, 'https://www.cardioexample.com', 4.5, 'Excellent follow-up and attention to detail.'),
    (26, 1, 'https://www.cardioexample.com', 4.4, 'Great listener and very patient.'),
    (27, 1, 'https://www.cardioexample.com', 4.2, 'Professional, yet approachable.'),
    (28, 1, 'https://www.cardioexample.com', 4.0, 'Efficient but slightly impersonal.'),
    (29, 1, 'https://www.cardioexample.com', 4.6, 'Warm and caring approach.'),
    (30, 1, 'https://www.cardioexample.com', 3.9, 'Satisfactory, but I had higher expectations.'),
    (31, 1, 'https://www.cardioexample.com', 4.8, 'Highly recommended for heart health.'),
    (32, 1, 'https://www.cardioexample.com', 4.5, 'Knowledgeable and attentive to patient needs.'),
    (33, 1, 'https://www.cardioexample.com', 4.7, 'Compassionate care and thorough explanations.'),
    (34, 1, 'https://www.cardioexample.com', 4.3, 'Good overall experience, but room for improvement.'),
    (35, 1, 'https://www.cardioexample.com', 4.6, 'Attentive and caring physician.'),
    (36, 1, 'https://www.cardioexample.com', 4.2, 'Professional and knowledgeable staff.'),
    (37, 1, 'https://www.cardioexample.com', 4.4, 'Great bedside manner and clear communication.'),
    (38, 1, 'https://www.cardioexample.com', 4.1, 'Solid care, but could be more thorough.'),
    (39, 1, 'https://www.cardioexample.com', 4.5, 'Excellent service and attention to detail.'),
    (40, 2, 'https://www.dermexample.com', 4.0, 'Good experience overall, but could improve wait times.'),
    (41, 2, 'https://www.dermexample.com', 4.5, 'Dr. Smith was very knowledgeable and caring.'),
    (42, 2, 'https://www.dermexample.com', 4.2, 'Very professional and friendly.'),
    (43, 2, 'https://www.dermexample.com', 4.6, 'Highly attentive and informative.'),
    (44, 2, 'https://www.dermexample.com', 4.0, 'Good experience, but wait times can be long.'),
    (45, 2, 'https://www.dermexample.com', 4.9, 'Exceptional care and detailed explanations.'),
    (46, 2, 'https://www.dermexample.com', 3.8, 'Decent, but room for improvement.'),
    (47, 2, 'https://www.dermexample.com', 4.7, 'Thorough and compassionate care.'),
    (48, 2, 'https://www.dermexample.com', 4.1, 'Solid advice, though somewhat rushed.'),
    (49, 2, 'https://www.dermexample.com', 4.3, 'Friendly staff and clear communication.'),
    (50, 2, 'https://www.dermexample.com', 4.5, 'Excellent follow-up and attention to detail.'),
    (51, 2, 'https://www.dermexample.com', 4.4, 'Great listener and very patient.'),
    (52, 2, 'https://www.dermexample.com', 4.2, 'Professional, yet approachable.'),
    (53, 2, 'https://www.dermexample.com', 4.0, 'Efficient but slightly impersonal.'),
    (54, 2, 'https://www.dermexample.com', 4.6, 'Warm and caring approach.'),
    (55, 2, 'https://www.dermexample.com', 3.9, 'Satisfactory, but I had higher expectations.'),
    (56, 2, 'https://www.dermexample.com', 4.8, 'Highly recommended for skin care.'),
    (57, 2, 'https://www.dermexample.com', 4.5, 'Knowledgeable and attentive to patient needs.');

    